items;Q2/2020;Q3/2020;Q4/2020;Q1/2021;Q2/2021;Q3/2021;Q4/2021;Q1/2022;Q2/2022;Q3/2022;TTM
Balance_sheet;23229;23215;23131;23244;23178;23162;23145;23100;23110;23400;
Công ty Kiểm toán;PwC Việt Nam;;;;;;;;Kiểm toán KPMG;;
Loại Ý kiến Kiểm toán;Chấp nhận toàn phần;;;;;;;;Chấp nhận toàn phần;;
TỔNG TÀI SẢN;396760,42;418748,315;444530,104;449514,732;471275,438;479308,753;527769,944;528636,428;543736,728;561113,724;
Tiền mặt, vàng bạc, đá quý;5518,509;5824,836;6967,918;6037,588;6870,892;7010,081;7509,877;6281,931;7179,996;6820,742;
Tiền gửi tại Ngân hàng nhà nước Việt Nam;20813,912;12289,157;16616,798;20232,572;21912,32;33532,941;32349,574;18208,13;11267,755;7285,53;
Tiền gửi tại các TCTD khác và cho vay các TCTD khác;25070,38;29838,744;31671,245;27746,394;28988,545;28675,646;49818,776;54337,806;57122,539;62584,455;
     Tiền gửi tại các TCTD khác;18188,365;20262,389;23311,116;22292,014;21700,725;22968,645;43713,23;51377,086;53073,665;60017,908;
     Cho vay các TCTD khác;7282,015;9976,355;8360,129;5454,38;7287,82;5707,001;6105,546;2960,72;4048,874;2616,547;
     Dự phòng rủi ro;-400;-400;0;0;0;0;0;0;0;-50;
Chứng khoán kinh doanh;635,958;4143,804;6167,917;4419,502;10270,741;10151,989;11259,731;5068,428;1481,31;1438,382;
     Chứng khoán kinh doanh;776,995;4277,852;6285,763;4529,892;10375,295;10239,936;11325,371;5159,447;1683,277;1641,739;
     Dự phòng giảm giá chứng khoán kinh doanh;-141,037;-134,048;-117,846;-110,39;-104,554;-87,947;-65,64;-91,019;-201,967;-203,357;
Các công cụ tài chính phái sinh và các tài sản tài chính khác;129,009;42,679;54,473;135,503;82,038;63,982;226,545;92,408;91,556;67,174;
Cho vay khách hàng;280990,276;294472,526;308528,625;320754,992;336827,639;330911,258;356050,95;374124,636;390049,375;396661,986;
     Cho vay khách hàng;283755,02;297385,546;311478,989;324311,117;341667,5;336491,602;361912,538;379982,95;395598,651;402250,931;
     Dự phòng rủi ro cho vay khách hàng;-2764,744;-2913,02;-2950,364;-3556,125;-4839,861;-5580,344;-5861,588;-5858,314;-5549,276;-5588,945;
Hoạt động mua nợ;0;0;0;0;0;0;0;0;0;0;
     Mua nợ;0;0;0;0;0;0;0;0;0;0;
     Dự phòng rủi ro hoạt động mua nợ;0;0;0;0;0;0;0;0;0;0;
Chứng khoán đầu tư;54129,458;61864,87;63399,011;58893,891;55528,394;58533,725;59474,604;58710,197;64489,044;71265,935;
     Chứng khoán đầu tư sẵn sàng để bán;11139,839;10872,656;10790,432;10294,062;9535,454;8886,513;9739,539;10634,517;18577,997;27533,79;
     Chứng khoán đầu tư giữ đến ngày đáo hạn;43506,523;51467,407;53048,264;48932,832;46253,125;49807,65;49743,071;48079,089;45917,151;43732,145;
     Dự phòng giảm giá chứng khoán đầu tư;-516,904;-475,193;-439,685;-333,003;-260,185;-160,438;-8,006;-3,409;-6,104;0;
Góp vốn, đầu tư dài hạn;97,895;97,963;99,489;99,549;87,912;88,068;171,925;207,771;158;154,549;
     Đầu tư vào công ty con;0;0;0;0;0;0;0;0;0;0;
     Đầu tư vào công ty liên doanh;1,441;1,441;2,967;2,967;2,967;2,967;0;0;0;0;
          Vốn Góp liên doanh;0,902;0,902;0,856;0,856;0,856;0,856;0;0;0;0;
          Đầu tư vào công ty liên kết;0,539;0,539;2,111;2,111;2,111;2,111;0;0;0;0;
     Đầu tư dài hạn khác;101,827;101,827;101,827;101,827;101,827;101,827;299,317;309,837;309,337;309,337;
     Dự phòng giảm giá đầu tư dài hạn;-5,373;-5,305;-5,305;-5,245;-16,882;-16,726;-127,392;-102,066;-151,337;-154,788;
Tài sản cố định;3756,172;3729,438;3782,753;3720,662;3703,279;3646,321;3762,548;3678,381;3625,12;3733,847;
     Tài sản cố định hữu hình;2687,75;2649,067;2716,915;2664,58;2628,026;2581,21;2685,07;2641,814;2601,457;2665,262;
          Nguyên giá TSCĐ;4794,622;4817,348;4949,479;4950,615;4922,943;4951,513;5123,414;5137,118;5155,203;5274,221;
          Hao mòn TSCĐ;-2106,872;-2168,281;-2232,564;-2286,035;-2294,917;-2370,303;-2438,344;-2495,304;-2553,746;-2608,959;
     Tài sản cố định thuê tài chính;0;0;0;0;0;0;0;0;0;0;
          Nguyên giá TSCĐ;0;0;0;0;0;0;0;0;0;0;
          Hao mòn TSCĐ;0;0;0;0;0;0;0;0;0;0;
     Tài sản cố định vô hình;1068,422;1080,371;1065,838;1056,082;1075,253;1065,111;1077,478;1036,567;1023,663;1068,585;
          Nguyên giá TSCĐ;1460,815;1491,242;1495,882;1504,321;1541,732;1549,5;1579,813;1557,228;1562,414;1626,496;
          Hao mòn TSCĐ;-392,393;-410,871;-430,044;-448,239;-466,479;-484,389;-502,335;-520,661;-538,751;-557,911;
Bất động sản đầu tư;358,225;356,499;348,778;216,027;216,027;216,027;216,027;216,027;216,027;177,005;
     Nguyên giá TSCĐ;364,877;364,877;356,358;216,519;216,027;216,027;216,027;216,027;216,027;177,005;
     Hao mòn TSCĐ;-6,652;-8,378;-7,58;-0,492;0;0;0;0;0;0;
Tài sản Có khác;5260,626;6087,799;6893,097;7258,052;6787,651;6478,715;6929,387;7710,713;8056,006;10924,119;
     Các khoản phải thu;2983,91;3413,452;3045,69;3612,343;3350,889;3184,991;3023,499;3819,758;4267,323;6925,993;
     Các khoản lãi, phí phải thu;2670,659;3042,487;3638,207;3071,228;2721,561;2590,792;3171,877;3033,37;2965,572;3077,692;
     Tài sản thuế TNDN hoãn lại;58,337;52,471;50,724;139,775;71,57;117,331;44,37;200,522;133,246;111,714;
     Tài sản Có khác;991,638;1007,602;1115,297;1028,936;1005,298;922,778;869,602;837,134;868,717;987,493;
     - Trong đó: Lợi thế thương mại;0;0;0;0;0;0;0;0;0;0;
     Các khoản dự phòng rủi ro cho các tài sản Có nội bảng khác;-1443,918;-1428,213;-956,821;-594,23;-361,667;-337,177;-179,961;-180,071;-178,852;-178,773;
;0;0;0;0;0;0;0;0;0;0;
NỢ PHẢI TRẢ VÀ VỐN CHỦ SỞ HỮU;396760,42;418748,315;444530,104;449514,732;471275,438;479308,753;527769,944;528636,428;543736,728;561113,724;
Tổng nợ phải trả;365927,975;385829,347;409081,941;411585,397;430895,193;436825,317;482869,035;480433,095;491670,697;505378,993;
     Các khoản nợ chính phủ và NHNN Việt Nam;0;0;0;0;0;0;0;0;0,565;0,034;
     Tiền gửi và vay các Tổ chức tín dụng khác;2366,296;17961,521;23875,242;20335,604;27085,956;20324,174;54393,939;44323,457;50712,628;51830,484;
          Tiền gửi của các tổ chức tín dụng khác;1206,761;16864,702;15081,349;12716,189;23163,325;15590,716;41380,571;33738,728;47406,328;45532,365;
          Vay các tổ chức tín dụng khác;1159,535;1096,819;8793,893;7619,415;3922,631;4733,458;13013,368;10584,729;3306,3;6298,119;
     Tiền gửi của khách hàng;330551,052;334729,38;353195,838;352217,653;358474,148;365770,473;379920,669;386050,921;388131,932;392023,517;
     Các công cụ tài chính phái sinh và các khoản nợ tài chính khác;0;0;0;0;0;0;0;0;0;0;
     Vốn tài trợ, uỷ thác đầu tư của Chính phủ và các tổ chức tín dụng khác;134,393;127,949;116,705;108,249;100,653;93,799;86,066;79,176;70,779;64,55;
     Phát hành giấy tờ có giá;23090,786;22887,748;22049,697;20384,044;27455,319;32469,936;30547,883;30949,666;34851,291;40052,881;
     Các khoản nợ khác;9785,448;10122,749;9844,459;18539,847;17779,117;18166,935;17920,478;19029,875;17903,502;21407,527;
          Các khoản lãi, phí phải trả;5183,358;5385,872;5097,042;5136,91;4336,039;4657,102;4637,581;5153,023;4659,665;4933,202;
          Thuế TNDN hoãn lại phải trả;0;0;0,067;0;0;0;0;0;0;0;
          Các khoản phải trả và công nợ khác;4602,09;4736,877;4747,35;13402,937;13443,078;13509,833;13282,897;13876,852;13243,837;16474,325;
          Dự phòng rủi ro khác;0;0;0;0;0;0;0;0;0;0;
Vốn chủ sở hữu;30832,445;32918,968;35448,163;37929,335;40380,245;42483,436;44900,909;48203,333;52066,031;55734,731;
     Vốn của tổ chức tín dụng;16899,152;21887,364;21887,364;21887,364;21887,364;27291,26;27291,26;27291,26;27291,26;34046,13;
          Vốn điều lệ;16627,373;21615,585;21615,585;21615,585;21615,585;27019,481;27019,481;27019,481;27019,481;33774,351;
          Vốn đầu tư XDCB;0;0;0;0;0;0;0;0;0;0;
          Thặng dư vốn cổ phần;271,779;271,779;271,779;271,779;271,779;271,779;271,779;271,779;271,779;271,779;
          Cổ phiếu Quỹ;0;0;0;0;0;0;0;0;0;0;
          Cổ phiếu ưu đãi;0;0;0;0;0;0;0;0;0;0;
          Vốn khác;0;0;0;0;0;0;0;0;0;0;
Quỹ của tổ chức tín dụng;4595,981;4595,981;5741,759;5742,084;5742,084;5742,084;7164,297;7164,297;7164,297;7164,297;
Chênh lệch tỷ giá hối đoái;8,397;20,348;0;-2,229;10,446;11,022;0;14,889;84,439;166,147;
Chênh lệch đánh giá lại tài sản;0;0;0;0;0;0;0;0;0;0;
Lợi nhuận chưa phân phối;9328,915;6415,275;7819,04;10302,116;12740,351;9439,07;10445,352;13732,887;17526,035;14358,157;
Lợi ích của cổ đông thiểu số;0;0;0;0;0;0;0;0;0;0;
Lợi ích của cổ đông thiểu số (trước 2015);0;0;0;0;0;0;0;0;0;0;
;0;0;0;0;0;0;0;0;0;0;
CHỈ TIÊU NGOẠI BẢNG;0;0;0;0;0;0;0;0;0;0;
Nợ tiềm tàng;11810,493;13536,27;15228,56;12649,0355;16056,994;65,066;62,456;4142,543;8389,07;46025,78;
Thư tín dụng;3542,357;3530,811;4585,085;3783,498;3613,953;0;0;0;0;0;
     Thư tín dụng trả ngay;0;1207,763;2163,859;1948,952;1853,014;0;0;0;0;0;
     Thư tín dụng trả chậm;0;2323,048;2421,226;1834,546;1760,939;0;0;0;0;0;
     Khác;3542,357;0;0;0;0;0;0;0;0;0;
Bảo lãnh tín dụng;8268,136;10005,459;10643,475;8865,5375;12443,041;65,066;62,456;4142,543;8389,07;46025,78;
     Bảo lãnh vay vốn;43,912;43,178;75,723;70,883;68,933;65,066;62,456;62,089;62,089;60,461;
     Bảo lãnh thanh toán;0;2308,138;2265,772;239,6035;2497,381;0;0;0;0;0;
     Bảo lãnh thực hiện hợp đồng;0;1718,618;1268,613;1270,373;1345,434;0;0;0;0;0;
     Bảo lãnh dự thầu;0;294,906;358,651;282,143;300,644;0;0;0;0;0;
     Bảo lãnh xuất khẩu;0;0;0;0;0;0;0;0;0;0;
     Khác;8224,224;5640,619;6674,716;7002,535;8230,649;0;0;4080,454;8326,981;45965,319;
Cam kết tín dụng;65844,989;0;0;3783,498;3613,953;2756,568;13071,883;12558,025;52031,915;13740,077;
     Cam kết giao dịch hối đoái;65844,989;0;0;0;0;0;0;0;43573,269;0;
          Cam kết mua ngoại tệ;2791,319;0;0;0;0;0;0;0;2822,755;0;
          Cam kết bán ngoại tệ;1770,119;0;0;0;0;0;0;0;2663,019;0;
          Cam kết giao dịch hoán đổi;61283,551;0;0;0;0;0;0;0;38087,495;0;
          Cam kết giao dịch tương lai;0;0;0;0;0;0;0;0;0;0;
     Cam kết cho vay không hủy ngang;0;0;0;0;0;0;0;0;0;0;
     Cam kết trong nghiệp vụ L/C;0;0;0;3783,498;3613,953;2756,568;4005,74;4114,06;3675,758;3489,958;
     Cam kết khác;0;0;0;0;0;0;9066,143;8443,965;4782,888;10250,119;
Tín dụng growth;;;;14,1516342;14,3833836;7,254637394;11,00402453;11,07302153;17,87129195;11,40596198;
Income_statement;23229;23215;23131;23244;23178;23162;23145;23100;23110;23400;23400
Công ty Kiểm toán;PwC Việt Nam;;;;;;;;Kiểm toán KPMG;;
Loại Ý kiến Kiểm toán;Chấp nhận toàn phần;;;;;;;;Chấp nhận toàn phần;;
Thu nhập lãi và các khoản thu nhập tương tự;7612,667;7930,86;8461,611;8314,894;8653,369;8290,513;8455,034;9053,845;9419,513;10320,044;37248,436
Chi phí lãi và các chi phí tương tự;-4500,721;-4295,859;-4045,879;-3675,322;-3662,982;-3770,002;-3660,712;-3613,173;-3813,123;-4287,794;-15374,802
Thu nhập lãi thuần;3111,946;3635,001;4415,732;4639,572;4990,387;4520,511;4794,322;5440,672;5606,39;6032,25;21873,634
     Thu nhập từ hoạt động dịch vụ;631,989;735,773;797,121;880,105;1186,356;897,088;1062,911;1024,894;1342,948;1296,877;4727,63
     Chi phí hoạt động dịch vụ;-205,33;-244,196;-391,415;-254,898;-299,977;-261,529;-316,093;-285,735;-349,681;-430,092;-1381,601
Lãi/Lỗ thuần từ hoạt động dịch vụ;426,659;491,577;405,706;625,207;886,379;635,559;746,818;739,159;993,267;866,785;3346,029
Lãi/(lỗ) thuần từ hoạy động kinh doanh ngoại hối và vàng;152,824;192,807;198,686;196,14;231,524;205,933;237,959;303,367;145,269;95,844;782,439
Lãi/(lỗ) thuần từ mua bán chứng khoán kinh doanh;70,908;17,433;63,524;113,492;91,668;183,481;61,319;-11,224;-226,653;-39,964;-216,522
Lãi/(lỗ) thuần từ mua bán chứng khoán đầu tư;313,391;37,526;32,411;48,939;44,709;92,038;58,365;6,505;18,353;-1,502;81,721
     Thu nhập từ hoạt động khác;82,674;154,046;136,332;246,046;174,708;148,382;134,023;429,099;412,721;104,791;1080,634
     Chi phí hoạt động khác;-60,684;-42,811;-70,416;-197,099;-195,62;-106,055;-64,922;-59,908;-56,632;19,046;-162,416
Lãi/(lỗ) thuần từ hoạt động khác;21,99;111,235;65,916;48,947;-20,912;42,327;69,101;369,191;356,089;123,837;918,218
Thu nhập từ góp vốn, mua cổ phần;4,382;0,001;13,43;3,08;3,462;10,333;3,337;2,093;30,632;13,711;49,773
Tổng thu nhập hoạt động;4102,1;4485,58;5195,405;5675,377;6227,217;5690,182;5971,221;6849,763;6923,347;7090,961;26835,292
Chi phí hoạt động;-1767,906;-1732,012;-1763,715;-1965,297;-1592,538;-2254,497;-2417,444;-2738,601;-2276,351;-2525,765;-9958,161
LN thuần từ hoạt động kinh doanh trước CF dự phòng rủi ro tín dụng;2334,194;2753,568;3431,69;3710,08;4634,679;3435,685;3553,777;4111,162;4646,996;4565,196;16877,131
Chi phí dự phòng rủi ro tín dụng;-439,53;-161,996;-246,961;-605,761;-1386,245;-820,086;-524,017;2,843;267,364;-90,436;-344,246
Tổng lợi nhuận trước thuế;1894,664;2591,572;3184,729;3104,319;3248,434;2615,599;3029,76;4114,005;4914,36;4474,76;16532,885
     Chi phí thuế TNDN hiện hành;-393,704;-511,134;-633,372;-710,036;-591,994;-558,745;-528,304;-982,622;-903,936;-866,236;-3281,098
     Chi phí thuế TNDN hoãn lại;20,695;-5,866;-1,814;89,118;-68,205;45,761;-72,961;156,152;-67,276;-21,532;-5,617
Chi phí thuế thu nhập doanh nghiệp;-373,009;-517;-635,186;-620,918;-660,199;-512,984;-601,265;-826,47;-971,212;-887,768;-3286,715
Lợi nhuận sau thuế;1521,655;2074,572;2549,543;2483,401;2588,235;2102,615;2428,495;3287,535;3943,148;3586,992;13246,17
Lợi ích của cổ đông thiểu số;0;0;0;0;0;0;0;0;0;0;0
Cổ đông của Công ty mẹ;1521,655;2074,572;2549,543;2483,401;2588,235;2102,615;2428,495;3287,535;3943,148;3586,992;13246,17
Lãi cơ bản trên cổ phiếu (VND);0;0;0;0;0;0;0;0;0;0;0
CF trực tiếp;23229;23215;23131;23244;23178;23162;23145;23100;23110;23400;
Công ty Kiểm toán;PwC Việt Nam;;;;;;;;Kiểm toán KPMG;;
Loại Ý kiến Kiểm toán;Chấp nhận toàn phần;;;;;;;;Chấp nhận toàn phần;;
Lưu chuyển tiền từ hoạt động kinh doanh;0;0;0;0;0;0;0;0;0;0;
     Thu nhập lãi và các khoản thu nhập tương tự nhận được;7987,179;7559,032;7865,891;8881,873;9003,036;8421,282;7873,949;9192,352;9487,311;10207,924;
     Chi phí lãi và các chi phí tương tự đã trả;-4357,592;-4088,383;-4329,76;-3631,108;-4459,577;-3450,931;-3678,238;-3095,948;-4304,856;-4012,667;
     Thu nhập từ hoạt động dịch vụ nhận được;426,659;491,577;405,706;625,207;886,379;635,559;746,818;739,159;993,267;866,785;
     Chênh lệch số tiền thực thu/thực chi từ hoạt động kinh doanh;437,576;199,066;242,911;244,433;289,247;365,098;286,138;319,43;50,612;49,664;
          Thu nhập thuần từ hoạt động kinh doanh ngoại hối và vàng;437,576;199,066;242,911;244,433;289,247;365,098;286,138;0;0;0;
          Thu nhập từ hoạt động kinh doanh chứng khoán;0;0;0;0;0;0;0;319,43;50,612;49,664;
     Thu nhập khác;0,982;51,016;1,45;-8,77;-93,442;-9,741;16,989;33,269;48,809;37,497;
     Tiền thu các khoản nợ đã được xử lý, xóa, bù đắp bằng nguồn rủi ro;20,915;59,148;63,254;41,267;70,818;52,068;51,821;335,019;306,267;38,989;
     Tiền chi trả cho nhân viên và hoạt động quản lý, cộng cụ;-1684,428;-1648,492;-1956,412;-2962,16;-1546,355;-1934,968;-2107,76;-3367,256;-1864,839;-2069,207;
     Tiền thuế thu nhập thực nộp trong kỳ;-0,053;-400,842;-1187,64;-334,019;-88,043;-721,581;-1138,716;-562,397;-999,407;-14,45;
Lưu chuyển tiền thuần từ hoạt động kinh doanh trước những thay đổi về tài sản và vốn lưu động;2831,238;2222,122;1105,4;2856,723;4062,063;3356,786;2051,001;0;3717,164;5104,535;
Những thay đổi về tài sản hoạt động;0;0;0;0;0;0;0;0;0;0;
     Tiền gửi tại NHNN;0;0;0;0;0;0;0;0;0;0;
     (Tăng)/Giảm các khoản tiền gửi và cho vay các tổ chức tín dụng khác;2268,999;-2998,1;2016,225;2560,31;-1657,226;1235,271;-381,971;2671,012;-786,668;1746,501;
     (Tăng)/giảm các khoản về kinh doanh chứng khoán;284,741;-11194,558;-3506,544;6367,673;-2407,088;-2770,225;-1669,326;6534,082;-2305,372;-6729,249;
     (Tăng)/Giảm các công cụ tài chính phái sinh và các tài sản tài chính khác;-129,009;86,33;-11,794;-81,03;53,465;18,056;-162,563;134,137;0,852;24,382;
     (Tăng)/Giảm các khoản cho vay khách hàng;-8961,399;-13630,526;-14093,443;-12832,128;-17356,383;5175,898;-25420,936;-18070,412;-15615,701;-6652,28;
     (Tăng)/Giảm lãi, phí phải thu;0;0;0;0;0;0;0;0;0;0;
     Tăng/(Giảm) nguồn dự phòng để bù đắp tổn thất các khoản;-3,655;-13,72;-609,617;0;-102,509;-79,603;-242,773;-0,431;-41,674;-0,767;
     (Tăng)/Giảm khác về tài sản hoạt động;394,088;-456,772;329,078;-420,302;437,722;284,115;318,869;-684,751;-473,886;-2774,586;
Những thay đổi về công nợ hoạt động;0;0;0;0;0;0;0;0;0;0;
     Tăng/(Giảm) các khoản nợ chính phủ và NHNN;0;0;0;0;0;0;0;0;0,565;-0,531;
     Tăng/(Giảm) các khoản tiền gửi và vay các TCTD khác;-11066,917;15595,225;5913,721;-3539,638;6750,352;-6761,782;34069,765;-10070,482;6389,171;1117,856;
     Tăng/(Giảm) tiền gửi của khách hàng;17897,421;4178,328;18466,458;-978,185;6256,495;7296,325;14150,196;6130,252;2081,011;3891,585;
     Tăng/(Giảm) phát hành giấy tờ có giá;96,8;-208;-673;-1669,999;7066,999;5000;959,952;400;3900;5200;
     Tăng/(Giảm) vốn tài trợ, uỷ thác đầu tư của chính phủ và các TCTD khác;-8,883;-6,444;-11,244;-8,456;-7,596;-6,854;-7,733;-6,89;-8,397;-6,229;
     Tăng/(Giảm) các công cụ tài chính phái sinh và các khoản nợ tài chính khác;-19,288;0;0;0;0;0;0;0;0;0;
     Tăng/(Giảm) lãi, phí phải trả;0;0;0;0;0;0;0;0;0;0;
     Tăng/(Giảm) khác về công nợ hoạt động;404,005;19,714;384,105;9009,073;-785,882;-25,696;-33,843;865,775;-957,899;1992,146;
Lưu chuyển tiền thuần từ hoạt động kinh doanh trước thuế thu nhập DN;3988,141;-6406,401;9309,345;1264,041;2310,412;12722,291;23630,638;0;-4100,834;2913,363;
     Thuế thu nhập doanh nghiệp đã trả;0;0;0;0;0;0;0;0;0;0;
     Chi từ các quỹ của TCTD;-0,115;-0,19;-0,63;-0,57;-0,38;-0,275;-0,258;-0,399;-0,157;-0,251;
     Thu được từ nợ khó đòi;0;0;0;0;0;0;0;0;0;0;
Lưu chuyển tiền thuần từ các hoạt động sản xuất kinh doanh;3988,026;-6406,591;9308,715;1263,471;2310,032;12722,016;23630,38;-8504,479;-4100,991;2913,112;
Lưu chuyển tiền từ hoạt động đầu tư;0;0;0;0;0;0;0;0;0;0;
     Mua sắm TSCĐ;-50,451;-54,749;-217,839;-93,052;-229,438;-50,349;-263,261;-83,494;-42,821;-177,344;
     Tiền thu được từ thanh lý, nhượng bán tài sản cố định;0,526;1,129;0,711;0,766;1,886;0;0,613;0,903;1,018;1,027;
     Tiền chi từ thanh lý, nhượng bán TSCĐ;0;0;0;0;0;0;0;0;0;0;
     Mua sắm Bất động sản đầu tư;0;0;-0,5;0;0;0;0;0;0;0;
     Tiền thu từ bán, thanh lý bất động sản đầu tư;0;0;7,22;148,453;0;0;0;0;0;85,364;
     Tiền chi ra do bán, thanh lý bất động sản đầu tư;0;0;0;0;0;0;0;0;0;0;
     Tiền chi đầu tư, góp vốn vào các đơn vị khác;0;0;0;0;0;0;0;-10,52;0;0;
     Tiền thu từ đầu tư, góp vốn vào các đơn vị khác;0;0;0;0;0;0;0;0;0,5;0;
     Tiền thu cổ tức và lợi nhuận được chia từ các khoản đầu tư góp vốn dài hạn;5,551;0,096;11,49;3,494;2,822;9,939;5,724;2,507;28,499;13,071;
Lưu chuyển tiền thuần từ hoạt động đầu tư;-44,374;-53,524;-198,918;59,661;-224,73;-40,41;-256,924;-90,604;-12,804;-77,882;
Lưu chuyển tiền từ hoạt động tài chính;0;0;0;0;0;0;0;0;0;0;
     Tăng vốn cổ phần từ góp vốn và/hoặc phát hành cổ phiếu;0;0;0;0;0;0;0;0;0;0;
     Tiền thu từ phát hành giấy tờ có giá dài hạn đủ điều kiện tính vào vốn tự có và các khoản vốn vay dài hạn khác;-0,6;0;0;0;0;0;0;0;0;0;
     Tiền chi thanh toán giấy tờ có giá dài hạn đủ điều kiện tính vào vốn tự có và các khoản vốn vay dài hạn khác;0;0;-170;0;0;0;-2884;0;0;0;
     Cổ tức trả cho cổ đông, lợi nhuận đã chia;0;0;0;0;0;0;0;0;0;0;
     Tiền chi ra mua cổ phiếu quỹ;0;0;0;0;0;0;0;0;0;0;
     Tiền thu được do bán cổ phiếu quỹ;0;0;0;0;0;0;0;0;0;0;
Lưu chuyển tiền thuần từ hoạt động tài chính;-0,6;0;-170;0;0;0;-2884;0;0;0;
Lưu chuyển tiền thuần trong kỳ;3943,052;-6460,115;8939,797;1323,132;2085,302;12681,606;20489,456;-8595,083;-4113,795;2835,23;
Tiền và các khoản tương đương tiền tài thời điểm đầu kỳ;39609,309;43550,786;37102,622;46022,071;47342,974;49440,951;62123,133;82601,567;74021,373;69977,128;
Điều chỉnh ảnh hưởng của thay đổi tỷ giá;-1,575;11,951;-20,348;-2,229;12,675;0,576;-11,022;14,889;69,55;81,708;
Tiền và các khoản tương đương tiền tại thời điểm cuối kỳ;43550,786;37102,622;46022,071;47342,974;49440,951;62123,133;82601,567;74021,373;69977,128;72894,066;
notes;23229;23215;23131;23244;23178;23162;23145;23100;23110;23400;
Công ty Kiểm toán;PwC Việt Nam;;;;;;;;Kiểm toán KPMG;;
Loại Ý kiến Kiểm toán;Chấp nhận toàn phần;;;;;;;;Chấp nhận toàn phần;;
Chứng khoán kinh doanh;635,958;4143,804;6167,917;4419,502;10270,741;10151,989;11259,731;5068,428;1481,31;1438,382;
     Chứng khoán nợ;543,954;4038,875;5986,742;4002,087;9694,21;9386,959;10620,68;3928,569;767,439;779,77;
          Trái phiếu chính phủ;543,954;4038,875;5986,742;3499,565;7337,493;7030,242;8163,952;3427,019;267,439;279,77;
          Trái phiếu chính phủ bảo lãnh;0;0;0;0;0;0;0;0;0;0;
          Trái phiếu do các TCTD khác trong nước phát hành;0;0;0;502,522;2356,717;2356,717;2456,728;501,55;500;500;
          Trái phiếu do các TCKT trong nước phát hành;0;0;0;0;0;0;0;0;0;0;
          Chứng khoán Nợ nước ngoài;0;0;0;0;0;0;0;0;0;0;
     Chứng khoán vốn;233,041;238,621;285,371;513,51;675,228;848,631;695,201;1223,864;914,666;861,969;
          Chứng khoán Vốn do các TCTD khác phát hành;69,934;69,934;69,933;147,608;167,454;244,508;161,894;279,207;153,926;166,761;
          Chứng khoán Vốn do các TCKT trong nước phát hành;163,107;168,687;215,438;365,902;507,774;604,123;533,307;944,657;760,74;695,208;
          Chứng khoán Vốn nước ngoài;0;0;0;0;0;0;0;0;0;0;
     Chứng khoán kinh doanh khác;0;0,356;13,65;14,295;5,857;4,346;9,49;7,014;1,172;0;
     Dự phòng rủi ro chứng khoán kinh doanh;-141,037;-134,048;-117,846;-110,39;-104,554;-87,947;-65,64;-91,019;-201,967;-203,357;
          Dự phòng giảm giá;-141,037;-134,048;-117,846;-110,39;-104,554;-87,947;-65,64;-91,019;-201,967;-203,357;
          Dự phòng chung;0;0;0;0;0;0;0;0;0;0;
          Dự phòng cụ thể;0;0;0;0;0;0;0;0;0;0;
Tình trạng niêm yết của các chứng khoán kinh doanh;776,995;0;0;0;10375,295;0;0;0;1683,277;0;
     Chứng khoán nợ;543,954;0;0;0;9694,21;0;0;0;767,439;0;
          Đã niêm yết;543,954;0;0;0;7337,493;0;0;0;267,439;0;
          Chưa niêm yết;0;0;0;0;2356,717;0;0;0;500;0;
     Chứng khoán vốn;233,041;0;0;0;675,228;0;0;0;914,666;0;
          Đã niêm yết;134,534;0;0;0;586,759;0;0;0;861,019;0;
          Chưa niêm yết;98,507;0;0;0;88,469;0;0;0;53,647;0;
     Chứng khoán kinh doanh khác;0;0;0;0;5,857;0;0;0;1,172;0;
          Đã niêm yết;0;0;0;0;5,857;0;0;0;1,172;0;
          Chưa niêm yết;0;0;0;0;0;0;0;0;0;0;
Các khoản cho vay phân theo đối tượng khách hàng;283755,02;297385,546;311478,989;324311,117;341667,5;336491,602;361912,538;379982,95;395598,651;402250,931;
     Cho vay các tổ chức kinh tế, cá nhân trong nước;280561,242;296231,505;310140,226;323048,037;336511,628;335139,665;360516,81;378596,429;390779,875;400728,051;
     Chiết khấu thương phiếu và giấy tờ có giá;82,238;74,471;125,407;74,011;139,124;124,539;139,743;120,496;127,623;114,856;
     Cho thuê tài chính;1025,964;1076,861;1211,208;1187,18;1270,165;1222,489;1254,851;1264,982;1283,184;1403,431;
     Các khoản trả thay khách hàng;0,199;0,199;0,199;0,199;0,199;0,199;0,199;0,199;0,199;3,949;
     Cho vay bằng vốn tài trợ, uỷ thác đầu tư;2,898;2,51;1,949;1,69;1,413;1,26;0,935;0,844;0,745;0,644;
     Cho vay đối với các tổ chức, cá nhân nước ngoài;0;0;0;0;0;3,45;0;0;0;0;
     Cho vay theo chỉ định của Chính phủ;0;0;0;0;0;0;0;0;0;0;
     Nợ cho vay được khoanh và nợ chờ xử lý;0;0;0;0;0;0;0;0;0;0;
     Các khoản cho vay khác;2082,479;0;0;0;3744,971;0;0;0;3407,025;0;
Các khoản cho vay phân theo ngành;283755,02;0;0;0;341667,5;0;0;0;395598,651;0;
     Thương mại;51861,791;0;0;0;60978,249;0;0;0;70221,761;0;
     Nông nghiệp và lâm nghiệp;946,304;0;0;0;1187,591;0;0;0;1231,464;0;
     Sản xuất;24706,212;0;0;0;25627,592;0;0;0;26134,777;0;
          Công nghiệp chế biến, chế tạo;24706,212;0;0;0;25627,592;0;0;0;26134,777;0;
          Sản xuất và phân phối điện, khí đốt và nước nóng, hơi nước và điều hòa không khí;0;0;0;0;0;0;0;0;0;0;
          Cung cấp nước, quản lý và xử lý rác thải, nước thải;0;0;0;0;0;0;0;0;0;0;
          Khai khoáng;0;0;0;0;0;0;0;0;0;0;
     Xây dựng;13402,921;0;0;0;15419,956;0;0;0;16849,297;0;
     Dịch vụ cộng đồng và cá nhân;6370,916;0;0;0;8639,925;0;0;0;9643,032;0;
          Hoạt động phục vụ cá nhân và cộng đồng;6370,916;0;0;0;8639,925;0;0;0;9643,032;0;
          Hoạt động các tổ chức và đoàn thể quốc tế;0;0;0;0;0;0;0;0;0;0;
          Y tế và hoạt động cứu trợ xã hội;0;0;0;0;0;0;0;0;0;0;
          Nghệ thuật, vui chơi, giải trí;0;0;0;0;0;0;0;0;0;0;
          Hoạt động hành chính và các dịch vụ hỗ trợ;0;0;0;0;0;0;0;0;0;0;
          Hoạt động của Đảng, tổ chức chính trị xã hội, quản lý nhà nước, an ninh quốc phòng, bảo đảm XH bắt buộc;0;0;0;0;0;0;0;0;0;0;
          Hoạt động làm thuê các công việc trong các hộ gia đình, sản xuất vật chất và dịch vụ tự tiêu dùng của hộ gia đình;0;0;0;0;0;0;0;0;0;0;
          Hoạt động dịch vụ khác;0;0;0;0;0;0;0;0;0;0;
     Kho bãi,vận tải, viễn thông;2963,645;0;0;0;3673,753;0;0;0;3753,806;0;
          Vận tải, kho bãi;2963,645;0;0;0;3673,753;0;0;0;3753,806;0;
          Thông tin và truyền thông;0;0;0;0;0;0;0;0;0;0;
     Giáo dục và đào tạo;779,202;0;0;0;798,321;0;0;0;904,789;0;
          Giáo dục và đào tạo;779,202;0;0;0;798,321;0;0;0;904,789;0;
          Hoạt động chuyên môn, khoa học và công nghệ;0;0;0;0;0;0;0;0;0;0;
     Bất động sản và tư vấn;4751,956;0;0;0;4923,8;0;0;0;4893,702;0;
     Khách sạn và nhà hàng;2618,181;0;0;0;2646,71;0;0;0;2327,265;0;
     Dịch vụ tài chính;46,819;0;0;0;91,825;0;0;0;73,113;0;
     Các ngành khác;175307,073;0;0;0;217679,778;0;0;0;259565,645;0;
Các khoản cho vay phân loại theo chất lượng nợ cho vay;283755,02;297385,546;311478,989;324311,117;341667,5;336491,602;361912,538;379982,95;395598,651;402250,931;
     Nợ đủ tiêu chuẩn;280866,769;294077,818;309062,564;320330,871;338472,601;331236,986;357215,221;375256,302;391094,522;396439,501;
     Nợ cần chú ý;969,722;828,118;576,041;1025,989;864,992;2432,131;1897,953;1607,411;1505,941;1755,366;
     Nợ dưới tiêu chuẩn;348,663;830,957;212,494;297,031;560,24;638,864;537,788;273,424;269,314;304,543;
     Nợ nghi ngờ;509,763;543,425;411,284;798,983;528,703;723,941;882,155;911,934;538,725;561,114;
     Nợ xấu có khả năng mất vốn;1060,103;1105,228;1216,606;1858,243;1240,964;1459,68;1379,421;1933,879;2190,149;3190,407;
Các khoản cho vay phân theo thời gian;283755,02;297385,546;311478,989;324311,117;341667,5;336491,602;361912,538;379982,95;395598,651;402250,931;
     Cho vay ngắn hạn;158556,382;168339,796;180504,214;191173,615;204157,183;201558,797;224693,08;240379,632;252303,356;251943,194;
     Cho vay trung hạn;16239,596;16056,82;15849,837;15100,979;14308,787;13640,248;13796,776;12984,555;12581,586;16566,015;
     Cho vay  dài hạn;108959,042;112988,93;115124,938;118036,523;123201,53;121292,557;123422,682;126618,763;130713,709;133741,722;
Các khoản cho vay phân theo tiền tệ;283755,02;0;0;0;341667,5;0;0;0;395598,651;0;
     VNĐ;276711,899;0;0;0;332982,356;0;0;0;385303,413;0;
     Ngoại tệ và vàng;7043,121;0;0;0;8685,144;0;0;0;10295,238;0;
Các khoản cho vay phân theo vị trí địa lý;0;0;0;0;0;0;0;0;0;0;
     TP Hồ Chí Minh;0;0;0;0;0;0;0;0;0;0;
     Hà Nội;0;0;0;0;0;0;0;0;0;0;
     Đồng bằng sông Cửu Long;0;0;0;0;0;0;0;0;0;0;
     Miền trung;0;0;0;0;0;0;0;0;0;0;
     Khác;0;0;0;0;0;0;0;0;0;0;
Các khoản cho vay phân theo nhóm khách hàng;283755,02;0;0;0;341667,5;0;0;0;395598,651;0;
     Doanh nghiệp nhà nước;1158,417;0;0;0;1195,289;0;0;0;1097,767;0;
     Công ty TNHH và cổ phần;108349,6;0;0;0;124373,458;0;0;0;136915,898;0;
     Doanh nghiệp nước ngoài;936,308;0;0;0;631,842;0;0;0;667,65;0;
     Hợp tác xã và công ty tư nhân;207,092;0;0;0;256,413;0;0;0;297,436;0;
     Cá nhân;172641,488;0;0;0;214775,367;0;0;0;256619,9;0;
     Khác;462,115;0;0;0;435,131;0;0;0;0;0;
Chứng khoán đầu tư;54129,458;61864,87;63399,011;58893,891;55528,394;58533,725;59474,604;58710,197;64489,044;71265,935;
     Chứng khoán đầu tư sẵn sàng để bán;10622,935;10397,463;10350,747;9961,059;9275,269;8726,075;9731,533;10631,108;18571,893;27533,79;
          Chứng khoán Nợ;10431,678;10164,495;10082,271;9667,426;8953,293;8441,787;9635,656;10634,517;18565,336;27521,129;
               Trái phiếu Chính phủ;10431,678;10164,495;10082,271;9667,426;8651,039;8441,787;9635,656;10634,517;9513,394;27521,129;
               Trái phiếu do chính phủ bảo lãnh;0;0;0;0;0;0;0;0;9051,942;0;
               Trái phiếu do các TCTD khác trong nước phát hành;0;0;0;0;302,254;0;0;0;0;0;
               Trái phiếu do các TCKT trong nước phát hành;0;0;0;0;0;0;0;0;0;0;
               Chứng khoán Nợ nước ngoài;0;0;0;0;0;0;0;0;0;0;
          Chứng khoán Vốn;708,161;708,161;708,161;626,636;582,161;444,726;103,883;0;12,661;12,661;
               Chứng khoán Vốn do các TCTD khác trong nước phát hành;0;0;0;0;0;0;0;0;0;0;
               Chứng khoán Vốn do các TCKT trong nước phát hành;708,161;708,161;708,161;626,636;582,161;444,726;103,883;0;12,661;12,661;
               Chứng khoán Vốn nước ngoài;0;0;0;0;0;0;0;0;0;0;
          Dự phòng rủi ro chứng khoán sẵn sàng để bán;-516,904;-475,193;-439,685;-333,003;-260,185;-160,438;-8,006;-3,409;-6,104;0;
               Dự phòng giảm giá;-516,904;-475,193;-439,685;-333,003;-260,185;-160,438;-8,006;-3,409;-6,104;0;
               Dự phòng chung;0;0;0;0;0;0;0;0;0;0;
               Dự phòng cụ thể;0;0;0;0;0;0;0;0;0;0;
     Chứng khoán đầu tư giữ đến ngày đáo hạn;43506,523;51467,407;53048,264;48932,832;46253,125;49807,65;49743,071;48079,089;45917,151;43732,145;
          Chứng khoán nợ;43506,523;51467,407;53048,264;48932,832;46253,125;49807,65;49743,071;48079,089;45917,151;43732,145;
               Trái phiếu Chính phủ;43506,523;51467,407;53048,264;48932,832;44992,764;49807,65;49743,071;48079,089;43958,306;43732,145;
               Trái phiếu do chính phủ bảo lãnh;0;0;0;0;0;0;0;0;0;0;
               Trái phiếu do các TCTD khác trong nước phát hành;0;0;0;0;1260,361;0;0;0;1958,845;0;
               Trái phiếu do các TCKT trong nước phát hành;0;0;0;0;0;0;0;0;0;0;
               Chứng khoán Nợ nước ngoài;0;0;0;0;0;0;0;0;0;0;
               Trái phiếu đặc biệt do VAMC phát hành;0;0;0;0;0;0;0;0;0;0;
          Dự phòng rủi ro chứng khoán đầu tư giữ đến ngày đáo hạn;0;0;0;0;0;0;0;0;0;0;
               Dự phòng giảm giá;0;0;0;0;0;0;0;0;0;0;
               Dự phòng chung;0;0;0;0;0;0;0;0;0;0;
               Dự phòng cụ thể;0;0;0;0;0;0;0;0;0;0;
               Dự phòng trái phiếu đặc biệt;0;0;0;0;0;0;0;0;0;0;
Các khoản tiền gửi phân loại theo loại tiền gửi;330551,052;334729,38;353195,838;352217,653;358474,148;365770,473;379920,669;386050,921;388131,932;392023,517;
     Tiền gửi không kỳ hạn;57716,071;61671,637;74064,578;75513,384;77007,647;80191,835;94329,551;101444,76;94660,442;92556,466;
     Tiền gửi có kỳ hạn;55051,207;58281,002;60092,054;55774,684;62691,235;68141,678;66471,601;66456,665;71398,395;74027,642;
     Tiền gửi tiết kiệm;215700,233;212423,839;216733,695;218769,586;216636,398;215170,028;216701,379;215724,894;219628,893;223411,265;
     Tiền gửi ký quỹ;1582,336;1628,782;1774,982;1624,621;1645,716;1625,986;1785,811;1773,302;1813,658;1749,02;
     Tiền gửi cho những mục đích riêng biệt;501,205;724,12;530,529;535,378;493,152;640,946;632,327;651,3;630,544;279,124;
Các khoản tiền gửi phân theo loại tiền tệ;0;0;0;0;0;0;0;0;0;0;
     VNĐ;0;0;0;0;0;0;0;0;0;0;
     Ngoại tệ;0;0;0;0;0;0;0;0;0;0;
Các khoản tiền gửi phân theo nhóm khách hàng;0;0;0;0;0;0;0;0;0;0;
     Doanh nghiệp nhà nước;0;0;0;0;0;0;0;0;0;0;
     Doanh nghiệp tư nhân;0;0;0;0;0;0;0;0;0;0;
     Doanh nghiệp nước ngoài;0;0;0;0;0;0;0;0;0;0;
     Cá nhân;0;0;0;0;0;0;0;0;0;0;
     Khác;0;0;0;0;0;0;0;0;0;0;
Tài sản sinh lãi;0;0;0;0;0;0;0;0;0;0;
Công nợ phải trả lãi;0;0;0;0;0;0;0;0;0;0;
Quỹ của tổ chức tín dụng;4595,981;4595,981;5741,759;5742,084;5742,084;5742,084;7164,297;7164,297;7164,297;7164,297;
     Quỹ dự trữ bổ sung vốn điều lệ;1171,588;1171,588;1546,256;1546,256;1546,256;1546,256;2001,07;2001,07;2001,07;2001,07;
     Quỹ dự phòng tài chính;3085,342;3085,342;3834,678;3834,678;3834,678;3834,678;4744,306;4744,306;4744,306;4744,306;
     Quỹ đầu tư phát triển;0;0;0;0;0;0;0;0;0;0;
     Quỹ Khác;339,051;339,051;360,825;361,15;361,15;361,15;418,921;418,921;418,921;418,921;
Thu nhập lãi và các khoản thu nhập tương tự;7612,667;7930,86;8461,611;8314,894;8653,369;8290,513;8455,034;9053,845;9419,513;10320,044;
     Thu nhập lãi cho vay khách hàng;6647,13;6937,406;7299,822;7247,255;7637,181;7461,735;7428,388;7942,404;8346,277;9047,843;
     Thu nhập lãi tiền gửi;95,868;52,988;41,666;43,649;39,273;57,737;90,398;154,003;233,91;401,084;
     Thu lãi từ kinh doanh, đầu tư chứng khoán nợ:;676,248;721,72;750,753;726,628;669,651;610,004;629,462;728,673;578,683;1751,2884;
          Thu lãi từ chứng khoán kinh doanh;0;0;3,5;41,05;65,95;39,15;43,493;83,3;10,95;2,1;
          Thu lãi từ chứng khoán đầu tư;676,248;721,72;747,253;685,578;603,701;570,854;585,969;645,373;567,733;1749,1884;
     Thu nhập lãi cho thuê tài chính;22,186;24,962;28,293;27,75;28,647;29,208;29,192;29,15;31,076;32,459;
     Tu khác từ hoạt động tín dụng;171,235;193,784;341,077;269,612;278,617;131,829;277,594;199,615;229,567;-912,6304;
Chi phí lãi và các chi phí tương tự;4500,721;4295,859;4045,879;3675,322;3662,982;3770,002;3660,712;3613,173;3813,123;4287,794;
     Trả lãi tiền gửi;4076,664;3870,02;3610,545;3281,314;3229,126;3310,942;3220,99;3175,434;3375,679;3804,605;
     Trả lãi tiền vay;16,315;12,985;23,082;35,756;33,525;42,114;52,464;82,48;72,504;74,43;
     Trả lãi phát hành trái phiếu và giấy tờ có giá;401,08;406,526;340,524;351,437;-11,248;411,559;1,939;348,018;356,924;399,872;
     Chi phí khác cho hoạt động tín dụng;6,662;6,328;71,728;6,815;411,579;5,387;385,319;7,241;8,016;8,887;
Lãi thuần từ hoạt động dịch vụ;0;0;0;0;0;0;0;0;0;0;
     Thu từ dịch vụ thanh toán;0;0;0;0;0;0;0;0;0;0;
     Thu từ dịch vụ ngân quỹ;0;0;0;0;0;0;0;0;0;0;
     Thu từ nghiệp vụ bảo lãnh;0;0;0;0;0;0;0;0;0;0;
     Thu từ nghiệp vụ ủy thác và đại lý;0;0;0;0;0;0;0;0;0;0;
     Thu từ hoạt động bảo hiểm;0;0;0;0;0;0;0;0;0;0;
     Thu từ dịch vụ môi giới;0;0;0;0;0;0;0;0;0;0;
     Thu khác;0;0;0;0;0;0;0;0;0;0;
     Chi về dịch vụ thanh toán;0;0;0;0;0;0;0;0;0;0;
     Chi về dịch vụ ngân quỹ;0;0;0;0;0;0;0;0;0;0;
     Chi về dịch vụ viễn thông;0;0;0;0;0;0;0;0;0;0;
     Chi về nghiệp vụ ủy thác và đại lý;0;0;0;0;0;0;0;0;0;0;
     Chi từ hoạt động bảo hiểm;0;0;0;0;0;0;0;0;0;0;
     Chi từ dịch vụ môi giới;0;0;0;0;0;0;0;0;0;0;
     Chi khác;0;0;0;0;0;0;0;0;0;0;
Lãi thuần từ hoạt động kinh doanh vàng và ngoại hối;0;0;0;0;0;0;0;0;0;0;
     Thu từ kinh doanh ngoại tệ giao ngay;0;0;0;0;0;0;0;0;0;0;
     Thu từ các công cụ tài chính phái sinh tiền tệ;0;0;0;0;0;0;0;0;0;0;
     Thu từ giao dịch kinh doanh vàng;0;0;0;0;0;0;0;0;0;0;
     Lãi chênh lệch tỷ giá ngoại tệ kinh doanh;0;0;0;0;0;0;0;0;0;0;
     Chi về kinh doanh ngoại tệ giao ngay;0;0;0;0;0;0;0;0;0;0;
     Chi về các công cụ tài chính phái sinh tiền tệ;0;0;0;0;0;0;0;0;0;0;
     Chi về  giao dịch kinh doanh vàng;0;0;0;0;0;0;0;0;0;0;
     Lỗ chênh lệch tỷ giá ngoại tệ kinh doanh;0;0;0;0;0;0;0;0;0;0;
Lãi thuần từ mua bán chứng khoán kinh doanh;70,908;17,433;63,524;113,492;91,668;183,481;61,319;-11,224;-226,653;-39,964;
     Thu nhập từ mua bán chứng khoán kinh doanh;64,772;15,57;59,938;182,4;137,429;181,019;71,967;115,821;52,882;10,879;
     Chi phí về mua bán chứng khoán kinh doanh;-60,833;-5,126;-12,616;-76,364;-51,597;-14,145;-32,955;-101,666;-168,587;-49,453;
     Hoàn nhập dự phòng giảm giá chứng khoán kinh doanh;66,969;6,989;16,202;7,456;5,836;16,607;22,307;-25,379;-110,948;-1,39;
Lãi thuần từ mua bán chứng khoán đầu tư;313,391;37,526;32,411;48,939;44,709;92,038;58,365;6,505;18,353;-1,502;
     Thu nhập từ mua bán chứng khoán đầu tư;288,281;0;0,831;0;0;15,865;15,461;4,735;22,504;0;
     Lãi từ thanh lý các khoản đầu tư dài hạn khác;0;0;0;0;0;0;0;0;0;0;
     Chi phí về mua bán chứng khoán đầu tư;-7,468;-4,185;-3,928;-57,743;-28,109;-23,574;-6,294;-2,827;-1,456;-7,606;
     Lỗ do thanh lý các khoản đầu tư dài hạn khác;0;0;0;0;0;0;0;0;0;0;
     Hoàn nhập dự phòng giảm giá chứng khoán đầu tư sẵn sàng để bán;32,578;41,711;35,508;106,682;72,818;99,747;49,198;4,597;-2,695;6,104;
     Hoàn nhập dự phòng giảm giá chứng khoán đầu tư giữ đến ngày đáo hạn;0;0;0;0;0;0;0;0;0;0;
Lãi thuần từ hoạt động khác;0;0;0;0;0;0;0;0;0;0;
     Thu nhập từ các khoản cho vay đã xử lý bằng quỹ dự phòng rủi ro;0;0;0;0;0;0;0;0;0;0;
     Thu từ thanh lý tài sản cố định;0;0;0;0;0;0;0;0;0;0;
     Thu từ nghiệp vụ mua bán nợ;0;0;0;0;0;0;0;0;0;0;
     Thu về nghiệp vụ tất toán Trái phiếu VAMC;0;0;0;0;0;0;0;0;0;0;
     Thu nhập về các công cụ tài chính phái sinh khác;0;0;0;0;0;0;0;0;0;0;
     Thu nhập khác;0;0;0;0;0;0;0;0;0;0;
     Chi phí cho nghiệp vụ hoán đổi lãi suất;0;0;0;0;0;0;0;0;0;0;
     Chi từ thanh lý tài sản;0;0;0;0;0;0;0;0;0;0;
     Chi về nghiệp vụ bán nợ;0;0;0;0;0;0;0;0;0;0;
     Chi về các công cụ tài chính phái sinh khác;0;0;0;0;0;0;0;0;0;0;
     Chi công tác xã hội;0;0;0;0;0;0;0;0;0;0;
     Chi phí khác;0;0;0;0;0;0;0;0;0;0;
Chi phí hoạt động;1767,906;1732,012;1763,715;1965,297;1592,538;2254,497;2417,444;2738,601;2276,351;2525,765;
     Chi nộp thuế và các khoản phí, lệ phí;3,081;5,441;2,819;2,887;2,521;1,591;3,57;3,957;3,595;3,195;
     Chi phí cho nhân viên;801,084;798,634;1155,376;1367,946;837,534;1436,706;1486,598;1709,466;1109,72;1458,998;
          Chi lương và phụ cấp;437,41;441,164;446,825;459,693;486,733;499,584;521,06;496,252;516,6;514,126;
          Các khoản chi đóng góp theo lương;90,388;91,238;90,94;92,453;95,492;94,737;89,242;91,819;93,925;96,834;
          Chi trợ cấp;2,608;1,536;1,081;1,189;2,746;2,616;1,254;1,696;3,535;3,42;
          Chi công tác xã hội;0;0;0;0;0;0;0;0;0;0;
          Chi khác;270,678;264,696;616,53;814,611;252,563;839,769;875,042;1119,699;495,66;844,618;
     Chi về tài sản;457,58;417,75;470,265;407,234;439,553;405,326;440,246;394,769;455,038;428,842;
          Chi Khấu hao TSCĐ;90,914;94,322;97,429;94,721;94,657;93,613;91,444;90,239;89,921;-177,43869;
          Chi khác về tài sản;366,666;323,428;372,836;312,513;344,896;311,713;348,802;304,53;365,117;606,28069;
     Chi cho hoạt động quản lý công vụ;426,132;430,666;509,113;449,447;429,055;328,13;529,9;546,132;545,704;515,587;
     Chi nộp phí bảo hiểm, bảo toàn tiền gửi của khách hàng;92,549;95,294;97,534;100,434;104,801;107,39;106,914;109,493;114,242;115,771;
     Chi phí dự phòng giảm giá các khoản đầu tư dài hạn và dự phòng nợ khó đòi;-12,52;-15,773;-471,392;-362,651;-220,926;-24,646;-149,784;-25,216;48,052;3,372;
     Chi dự phòng trợ cấp thôi việc;0;0;0;0;0;0;0;0;0;0;
     Chi phí hoạt động khác;0;0;0;0;0;0;0;0;0;0;
CAR;0.0000000000;0.0000000000;0.0000000000;0.0000000000;0.0000000000;0.0000000000;0.0000000000;0.0000000000;0.0000000000;0.0000000000;